```csv
tradeid,tradeversion,tradedate,tradesettlementdate,tradesettlementstatus,tradeclearingstatus,tradestatus,tradetype,tradecurrency,tradenotional,tradequantity,tradeprice,tradecounterparty_id,tradelegalentity,tradevaluedate,tradeassetclassid,tradeproductid,tradeproductname
VAVV8VWSDL,1,2022-11-14 06:55:08,2024-10-17 23:37:25,Pending,Unclear,Cancelled,Sell,EUR,995005.48,271,833.93,CHU7HEPZI3,Martin Ltd,2024-01-06 19:10:17,6F1XJX97SC,OU4GBDTOXN,Fx Digital Options
JKFY126XGP,8,2022-11-14 06:56:55,2023-03-29 08:38:06,Pending,Unclear,Active,Short,EUR,483847.93,454,115.84,Q22NJBFBMN,Maynard, Maldonado and Cooley,2024-06-28 07:55:44,Q7D6XM7C3K,04KPF7P286,Fx American Option
RDTQQZ3H2O,6,2022-11-14 06:57:10,2024-03-01 23:07:23,Settled,Unclear,Cancelled,Sell,EUR,883646.85,74,658.39,HSO7J5GT1M,Howard and Sons,2024-04-15 10:06:13,7US2IPNDHIV,BI8I99B1BR,Money Market Deposit
AQYZLBN3E3,9,2022-11-14 06:58:36,2024-08-18 16:21:23,Settled,Unclear,Active,Sell,GBP,480384.29,30,956.72,FGE8M1B2KC,Perez-Hart,2023-12-07 11:03:34,M8FKHGEE8F,57OWFKX0AI,UK Gilt
337T5KNN8D,1,2022-11-14 06:58:39,2023-11-03 23:32:24,Settled,Cleared,Active,Sell,GBP,188074.89,492,449.92,R9F10LLIGS,Wright and Sons,2024-11-11 15:29:06,J6KDB79UC2,NV05KQIJCT,Corporate Bond
PCZJ24GGLP,2,2022-11-14 07:00:58,2023-02-21 19:49:36,Settled,Cleared,Cancelled,Short,EUR,472798.12,450,251.96,BCB4RT0465,Hart Group,2023-02-24 20:12:42,CE9U1OWVUC,N7YM7KFCBX,Fx Spot
QKEPUZ5SEZ,10,2022-11-14 07:01:15,2023-01-21 06:42:02,Settled,Unclear,Cancelled,Sell,GBP,413406.2,271,292.83,EE73NO9MET,Velez Inc,2024-04-25 18:09:13,DS2TT2WMGZ,8CX964Q2RK,Fx Forward
3B12B061FZ,10,2022-11-14 07:01:54,2024-11-11 05:48:35,Pending,Unclear,Cancelled,Sell,EUR,804661.65,778,940.41,FWSRLXS6O1,Grant-Kirby,2023-03-28 01:03:16,7RDC7B1J0Q,GFI7CATQF2,US Treasury Bond
```